house_id,source_dataset,timestamp,date,slot_index,aggregate,active_appliance_count,burst_event_count,is_weekend,is_observed_point,is_imputed_point,is_unresolved_point,is_clipped_point,imputed_ratio,clipped_points
refit_5,refit,2015-04-18 00:00:00,2015-04-18,0,318.05645161290323,1.0,0.0,1,1,0,0,0,0.020833333333333332,0
refit_5,refit,2015-04-18 00:15:00,2015-04-18,1,311.2295081967213,1.0,0.0,1,1,0,0,0,0.020833333333333332,0
refit_5,refit,2015-04-18 00:30:00,2015-04-18,2,304.4920634920635,1.0,0.0,1,1,0,0,0,0.020833333333333332,0
refit_5,refit,2015-04-18 00:45:00,2015-04-18,3,307.07936507936506,1.0,0.0,1,1,0,0,0,0.020833333333333332,0
refit_5,refit,2015-04-18 01:00:00,2015-04-18,4,296.06666666666666,1.0,0.0,1,1,0,0,0,0.020833333333333332,0
refit_5,refit,2015-04-18 01:15:00,2015-04-18,5,314.2113821138211,1.0,0.0,1,1,0,0,0,0.020833333333333332,0
refit_5,refit,2015-04-18 01:30:00,2015-04-18,6,292.1101694915254,0.0,0.0,1,1,0,0,0,0.020833333333333332,0
refit_5,refit,2015-04-18 01:45:00,2015-04-18,7,331.349593495935,2.0,0.0,1,1,0,0,0,0.020833333333333332,0
refit_5,refit,2015-04-18 02:00:00,2015-04-18,8,364.6666666666667,1.0,0.0,1,1,0,0,0,0.020833333333333332,0
refit_5,refit,2015-04-18 02:15:00,2015-04-18,9,336.90983606557376,2.0,0.0,1,1,0,0,0,0.020833333333333332,0
refit_5,refit,2015-04-18 02:30:00,2015-04-18,10,311.65546218487395,2.0,0.0,1,1,0,0,0,0.020833333333333332,0
refit_5,refit,2015-04-18 02:45:00,2015-04-18,11,331.55737704918033,2.0,0.0,1,1,0,0,0,0.020833333333333332,0
refit_5,refit,2015-04-18 03:00:00,2015-04-18,12,326.96774193548384,2.0,0.0,1,1,0,0,0,0.020833333333333332,0
refit_5,refit,2015-04-18 03:15:00,2015-04-18,13,302.3333333333333,2.0,0.0,1,1,0,0,0,0.020833333333333332,0
refit_5,refit,2015-04-18 03:30:00,2015-04-18,14,334.0,1.0,0.0,1,1,0,0,0,0.020833333333333332,0
refit_5,refit,2015-04-18 03:45:00,2015-04-18,15,292.9268292682927,1.0,0.0,1,1,0,0,0,0.020833333333333332,0
refit_5,refit,2015-04-18 04:00:00,2015-04-18,16,313.0163934426229,1.0,0.0,1,1,0,0,0,0.020833333333333332,0
refit_5,refit,2015-04-18 04:15:00,2015-04-18,17,331.0,1.0,0.0,1,1,0,0,0,0.020833333333333332,0
refit_5,refit,2015-04-18 04:30:00,2015-04-18,18,325.45762711864404,1.0,0.0,1,1,0,0,0,0.020833333333333332,0
refit_5,refit,2015-04-18 04:45:00,2015-04-18,19,285.6198347107438,0.0,0.0,1,1,0,0,0,0.020833333333333332,0
refit_5,refit,2015-04-18 05:00:00,2015-04-18,20,313.8455284552846,1.0,0.0,1,1,0,0,0,0.020833333333333332,0
refit_5,refit,2015-04-18 05:15:00,2015-04-18,21,596.4833333333333,1.0,0.0,1,1,0,0,0,0.020833333333333332,0
refit_5,refit,2015-04-18 05:30:00,2015-04-18,22,1346.1949152542372,1.0,0.0,1,1,0,0,0,0.020833333333333332,0
refit_5,refit,2015-04-18 05:45:00,2015-04-18,23,1470.7622950819673,1.0,0.0,1,1,0,0,0,0.020833333333333332,0
refit_5,refit,2015-04-18 06:00:00,2015-04-18,24,1437.3196721311476,0.0,0.0,1,1,0,0,0,0.020833333333333332,0
refit_5,refit,2015-04-18 06:15:00,2015-04-18,25,1019.301724137931,2.0,1.0,1,1,0,0,0,0.020833333333333332,0
refit_5,refit,2015-04-18 06:30:00,2015-04-18,26,517.6302521008404,1.0,0.0,1,1,0,0,0,0.020833333333333332,0
refit_5,refit,2015-04-18 06:45:00,2015-04-18,27,514.7096774193549,1.0,0.0,1,1,0,0,0,0.020833333333333332,0
refit_5,refit,2015-04-18 07:00:00,2015-04-18,28,482.0701754385965,1.0,0.0,1,1,0,0,0,0.020833333333333332,0
refit_5,refit,2015-04-18 07:15:00,2015-04-18,29,495.04273504273505,1.0,0.0,1,1,0,0,0,0.020833333333333332,0
refit_5,refit,2015-04-18 07:30:00,2015-04-18,30,494.3669724770642,1.0,0.0,1,1,0,0,0,0.020833333333333332,0
refit_5,refit,2015-04-18 07:45:00,2015-04-18,31,527.5094339622641,1.0,0.0,1,1,0,0,0,0.020833333333333332,0
refit_5,refit,2015-04-18 08:00:00,2015-04-18,32,1281.5677966101696,3.0,2.0,1,1,0,0,0,0.020833333333333332,0
refit_5,refit,2015-04-18 08:15:00,2015-04-18,33,594.1415094339623,2.0,1.0,1,1,0,0,0,0.020833333333333332,0
refit_5,refit,2015-04-18 08:30:00,2015-04-18,34,667.1327433628319,2.0,1.0,1,1,0,0,0,0.020833333333333332,0
refit_5,refit,2015-04-18 08:45:00,2015-04-18,35,701.0185185185185,2.0,2.0,1,1,0,0,0,0.020833333333333332,0
refit_5,refit,2015-04-18 09:00:00,2015-04-18,36,728.7545454545455,2.0,0.0,1,1,0,0,0,0.020833333333333332,0
refit_5,refit,2015-04-18 09:15:00,2015-04-18,37,707.74,3.0,1.0,1,1,0,0,0,0.020833333333333332,0
refit_5,refit,2015-04-18 09:30:00,2015-04-18,38,559.7319587628866,3.0,0.0,1,1,0,0,0,0.020833333333333332,0
refit_5,refit,2015-04-18 09:45:00,2015-04-18,39,577.5681818181819,2.0,0.0,1,1,0,0,0,0.020833333333333332,0
refit_5,refit,2015-04-18 10:00:00,2015-04-18,40,584.0102040816327,4.0,0.0,1,1,0,0,0,0.020833333333333332,0
refit_5,refit,2015-04-18 10:15:00,2015-04-18,41,593.5816326530612,4.0,2.0,1,1,0,0,0,0.020833333333333332,0
refit_5,refit,2015-04-18 10:30:00,2015-04-18,42,2270.3076923076924,3.0,1.0,1,1,0,0,0,0.020833333333333332,0
refit_5,refit,2015-04-18 10:45:00,2015-04-18,43,1680.832905982906,2.0,0.0,1,0,1,0,0,0.020833333333333332,0
refit_5,refit,2015-04-18 11:00:00,2015-04-18,44,1091.3581196581194,2.0,0.0,1,0,1,0,0,0.020833333333333332,0
refit_5,refit,2015-04-18 11:15:00,2015-04-18,45,501.8833333333333,1.0,0.0,1,1,0,0,0,0.020833333333333332,0
refit_5,refit,2015-04-18 11:30:00,2015-04-18,46,559.0803571428571,1.0,0.0,1,1,0,0,0,0.020833333333333332,0
refit_5,refit,2015-04-18 11:45:00,2015-04-18,47,1555.946428571429,2.0,0.0,1,1,0,0,0,0.020833333333333332,0
refit_5,refit,2015-04-18 12:00:00,2015-04-18,48,1658.1120689655172,4.0,1.0,1,1,0,0,0,0.020833333333333332,0
refit_5,refit,2015-04-18 12:15:00,2015-04-18,49,3620.060344827586,6.0,3.0,1,1,0,0,0,0.020833333333333332,0
refit_5,refit,2015-04-18 12:30:00,2015-04-18,50,1938.4318181818185,6.0,1.0,1,1,0,0,0,0.020833333333333332,0
refit_5,refit,2015-04-18 12:45:00,2015-04-18,51,850.5233644859813,3.0,0.0,1,1,0,0,0,0.020833333333333332,0
refit_5,refit,2015-04-18 13:00:00,2015-04-18,52,810.2327586206897,4.0,0.0,1,1,0,0,0,0.020833333333333332,0
refit_5,refit,2015-04-18 13:15:00,2015-04-18,53,2286.4367816091954,4.0,1.0,1,1,0,0,0,0.020833333333333332,0
refit_5,refit,2015-04-18 13:30:00,2015-04-18,54,937.2743362831858,4.0,0.0,1,1,0,0,0,0.020833333333333332,0
refit_5,refit,2015-04-18 13:45:00,2015-04-18,55,944.5086206896552,4.0,0.0,1,1,0,0,0,0.020833333333333332,0
refit_5,refit,2015-04-18 14:00:00,2015-04-18,56,891.70796460177,4.0,0.0,1,1,0,0,0,0.020833333333333332,0
refit_5,refit,2015-04-18 14:15:00,2015-04-18,57,1633.7857142857142,4.0,1.0,1,1,0,0,0,0.020833333333333332,0
refit_5,refit,2015-04-18 14:30:00,2015-04-18,58,1030.7628865979382,6.0,2.0,1,1,0,0,0,0.020833333333333332,0
refit_5,refit,2015-04-18 14:45:00,2015-04-18,59,1212.6166666666666,2.0,0.0,1,1,0,0,0,0.020833333333333332,0
refit_5,refit,2015-04-18 15:00:00,2015-04-18,60,1273.7983193277312,2.0,0.0,1,1,0,0,0,0.020833333333333332,0
refit_5,refit,2015-04-18 15:15:00,2015-04-18,61,1001.5494505494504,4.0,1.0,1,1,0,0,0,0.020833333333333332,0
refit_5,refit,2015-04-18 15:30:00,2015-04-18,62,2556.581818181818,5.0,1.0,1,1,0,0,0,0.020833333333333332,0
refit_5,refit,2015-04-18 15:45:00,2015-04-18,63,1927.9716981132076,5.0,1.0,1,1,0,0,0,0.020833333333333332,0
refit_5,refit,2015-04-18 16:00:00,2015-04-18,64,2602.163636363636,5.0,1.0,1,1,0,0,0,0.020833333333333332,0
refit_5,refit,2015-04-18 16:15:00,2015-04-18,65,2132.693181818182,4.0,1.0,1,1,0,0,0,0.020833333333333332,0
refit_5,refit,2015-04-18 16:30:00,2015-04-18,66,2529.3670886075947,5.0,1.0,1,1,0,0,0,0.020833333333333332,0
refit_5,refit,2015-04-18 16:45:00,2015-04-18,67,1753.1181818181817,5.0,0.0,1,1,0,0,0,0.020833333333333332,0
refit_5,refit,2015-04-18 17:00:00,2015-04-18,68,2100.0186915887853,6.0,3.0,1,1,0,0,0,0.020833333333333332,0
refit_5,refit,2015-04-18 17:15:00,2015-04-18,69,2680.1238938053098,5.0,2.0,1,1,0,0,0,0.020833333333333332,0
refit_5,refit,2015-04-18 17:30:00,2015-04-18,70,2429.6,5.0,1.0,1,1,0,0,0,0.020833333333333332,0
refit_5,refit,2015-04-18 17:45:00,2015-04-18,71,1426.7052631578947,4.0,0.0,1,1,0,0,0,0.020833333333333332,0
refit_5,refit,2015-04-18 18:00:00,2015-04-18,72,2450.853211009174,4.0,0.0,1,1,0,0,0,0.020833333333333332,0
refit_5,refit,2015-04-18 18:15:00,2015-04-18,73,1463.36,4.0,0.0,1,1,0,0,0,0.020833333333333332,0
refit_5,refit,2015-04-18 18:30:00,2015-04-18,74,1461.029702970297,5.0,1.0,1,1,0,0,0,0.020833333333333332,0
refit_5,refit,2015-04-18 18:45:00,2015-04-18,75,1376.9484536082475,5.0,0.0,1,1,0,0,0,0.020833333333333332,0
refit_5,refit,2015-04-18 19:00:00,2015-04-18,76,1274.591836734694,4.0,0.0,1,1,0,0,0,0.020833333333333332,0
refit_5,refit,2015-04-18 19:15:00,2015-04-18,77,1385.111111111111,5.0,1.0,1,1,0,0,0,0.020833333333333332,0
refit_5,refit,2015-04-18 19:30:00,2015-04-18,78,1057.9375,4.0,0.0,1,1,0,0,0,0.020833333333333332,0
refit_5,refit,2015-04-18 19:45:00,2015-04-18,79,1268.9375,4.0,4.0,1,1,0,0,0,0.020833333333333332,0
refit_5,refit,2015-04-18 20:00:00,2015-04-18,80,1486.469696969697,4.0,1.0,1,1,0,0,0,0.020833333333333332,0
refit_5,refit,2015-04-18 20:15:00,2015-04-18,81,1180.557251908397,3.0,2.0,1,1,0,0,0,0.020833333333333332,0
refit_5,refit,2015-04-18 20:30:00,2015-04-18,82,1242.977777777778,4.0,2.0,1,1,0,0,0,0.020833333333333332,0
refit_5,refit,2015-04-18 20:45:00,2015-04-18,83,1183.8333333333333,2.0,0.0,1,1,0,0,0,0.020833333333333332,0
refit_5,refit,2015-04-18 21:00:00,2015-04-18,84,1631.3636363636365,4.0,1.0,1,1,0,0,0,0.020833333333333332,0
refit_5,refit,2015-04-18 21:15:00,2015-04-18,85,888.719696969697,3.0,0.0,1,1,0,0,0,0.020833333333333332,0
refit_5,refit,2015-04-18 21:30:00,2015-04-18,86,944.2611940298508,3.0,0.0,1,1,0,0,0,0.020833333333333332,0
refit_5,refit,2015-04-18 21:45:00,2015-04-18,87,882.7348484848485,3.0,0.0,1,1,0,0,0,0.020833333333333332,0
refit_5,refit,2015-04-18 22:00:00,2015-04-18,88,697.7259259259259,2.0,0.0,1,1,0,0,0,0.020833333333333332,0
refit_5,refit,2015-04-18 22:15:00,2015-04-18,89,561.0370370370371,2.0,0.0,1,1,0,0,0,0.020833333333333332,0
refit_5,refit,2015-04-18 22:30:00,2015-04-18,90,604.6616541353384,2.0,0.0,1,1,0,0,0,0.020833333333333332,0
refit_5,refit,2015-04-18 22:45:00,2015-04-18,91,560.8939393939394,2.0,0.0,1,1,0,0,0,0.020833333333333332,0
refit_5,refit,2015-04-18 23:00:00,2015-04-18,92,585.4925373134329,2.0,0.0,1,1,0,0,0,0.020833333333333332,0
refit_5,refit,2015-04-18 23:15:00,2015-04-18,93,546.8167938931298,2.0,0.0,1,1,0,0,0,0.020833333333333332,0
refit_5,refit,2015-04-18 23:30:00,2015-04-18,94,366.0074074074074,1.0,0.0,1,1,0,0,0,0.020833333333333332,0
refit_5,refit,2015-04-18 23:45:00,2015-04-18,95,365.2262773722627,1.0,0.0,1,1,0,0,0,0.020833333333333332,0
refit_5,refit,2015-04-19 00:00:00,2015-04-19,0,357.22727272727275,1.0,0.0,1,1,0,0,0,0.0,0
refit_5,refit,2015-04-19 00:15:00,2015-04-19,1,350.6740740740741,1.0,0.0,1,1,0,0,0,0.0,0
refit_5,refit,2015-04-19 00:30:00,2015-04-19,2,351.7910447761194,1.0,0.0,1,1,0,0,0,0.0,0
refit_5,refit,2015-04-19 00:45:00,2015-04-19,3,370.56390977443607,1.0,0.0,1,1,0,0,0,0.0,0
refit_5,refit,2015-04-19 01:00:00,2015-04-19,4,341.57462686567163,0.0,0.0,1,1,0,0,0,0.0,0
refit_5,refit,2015-04-19 01:15:00,2015-04-19,5,356.93283582089555,1.0,0.0,1,1,0,0,0,0.0,0
refit_5,refit,2015-04-19 01:30:00,2015-04-19,6,344.0,1.0,0.0,1,1,0,0,0,0.0,0
refit_5,refit,2015-04-19 01:45:00,2015-04-19,7,354.57462686567163,1.0,0.0,1,1,0,0,0,0.0,0
refit_5,refit,2015-04-19 02:00:00,2015-04-19,8,359.2105263157895,1.0,0.0,1,1,0,0,0,0.0,0
refit_5,refit,2015-04-19 02:15:00,2015-04-19,9,364.075,1.0,0.0,1,1,0,0,0,0.0,0
refit_5,refit,2015-04-19 02:30:00,2015-04-19,10,496.69642857142856,2.0,1.0,1,1,0,0,0,0.0,0
refit_5,refit,2015-04-19 02:45:00,2015-04-19,11,379.0610687022901,2.0,0.0,1,1,0,0,0,0.0,0
refit_5,refit,2015-04-19 03:00:00,2015-04-19,12,403.27272727272725,2.0,0.0,1,1,0,0,0,0.0,0
refit_5,refit,2015-04-19 03:15:00,2015-04-19,13,363.7744360902255,2.0,0.0,1,1,0,0,0,0.0,0
refit_5,refit,2015-04-19 03:30:00,2015-04-19,14,364.82706766917295,2.0,0.0,1,1,0,0,0,0.0,0
refit_5,refit,2015-04-19 03:45:00,2015-04-19,15,340.979797979798,2.0,0.0,1,1,0,0,0,0.0,0
refit_5,refit,2015-04-19 04:00:00,2015-04-19,16,324.8,0.0,0.0,1,1,0,0,0,0.0,0
refit_5,refit,2015-04-19 04:15:00,2015-04-19,17,347.1925925925926,1.0,0.0,1,1,0,0,0,0.0,0
refit_5,refit,2015-04-19 04:30:00,2015-04-19,18,319.55555555555554,0.0,0.0,1,1,0,0,0,0.0,0
refit_5,refit,2015-04-19 04:45:00,2015-04-19,19,334.969696969697,1.0,0.0,1,1,0,0,0,0.0,0
refit_5,refit,2015-04-19 05:00:00,2015-04-19,20,333.6384615384615,1.0,0.0,1,1,0,0,0,0.0,0
refit_5,refit,2015-04-19 05:15:00,2015-04-19,21,338.6940298507463,1.0,0.0,1,1,0,0,0,0.0,0
refit_5,refit,2015-04-19 05:30:00,2015-04-19,22,340.8421052631579,1.0,0.0,1,1,0,0,0,0.0,0
refit_5,refit,2015-04-19 05:45:00,2015-04-19,23,358.8349514563107,1.0,0.0,1,1,0,0,0,0.0,0
refit_5,refit,2015-04-19 06:00:00,2015-04-19,24,403.796992481203,1.0,0.0,1,1,0,0,0,0.0,0
refit_5,refit,2015-04-19 06:15:00,2015-04-19,25,416.3555555555555,1.0,0.0,1,1,0,0,0,0.0,0
refit_5,refit,2015-04-19 06:30:00,2015-04-19,26,447.1278195488722,1.0,0.0,1,1,0,0,0,0.0,0
refit_5,refit,2015-04-19 06:45:00,2015-04-19,27,405.05223880597015,0.0,0.0,1,1,0,0,0,0.0,0
refit_5,refit,2015-04-19 07:00:00,2015-04-19,28,478.837037037037,1.0,0.0,1,1,0,0,0,0.0,0
refit_5,refit,2015-04-19 07:15:00,2015-04-19,29,446.4776119402985,0.0,0.0,1,1,0,0,0,0.0,0
refit_5,refit,2015-04-19 07:30:00,2015-04-19,30,474.4511278195488,1.0,0.0,1,1,0,0,0,0.0,0
refit_5,refit,2015-04-19 07:45:00,2015-04-19,31,463.1353383458647,1.0,0.0,1,1,0,0,0,0.0,0
refit_5,refit,2015-04-19 08:00:00,2015-04-19,32,464.23308270676694,1.0,0.0,1,1,0,0,0,0.0,0
refit_5,refit,2015-04-19 08:15:00,2015-04-19,33,465.1203007518797,1.0,0.0,1,1,0,0,0,0.0,0
refit_5,refit,2015-04-19 08:30:00,2015-04-19,34,418.05263157894734,1.0,0.0,1,1,0,0,0,0.0,0
refit_5,refit,2015-04-19 08:45:00,2015-04-19,35,1324.0,4.0,4.0,1,1,0,0,0,0.0,0
refit_5,refit,2015-04-19 09:00:00,2015-04-19,36,447.8148148148149,2.0,0.0,1,1,0,0,0,0.0,0
refit_5,refit,2015-04-19 09:15:00,2015-04-19,37,446.85074626865674,2.0,1.0,1,1,0,0,0,0.0,0
refit_5,refit,2015-04-19 09:30:00,2015-04-19,38,474.6148148148148,2.0,0.0,1,1,0,0,0,0.0,0
refit_5,refit,2015-04-19 09:45:00,2015-04-19,39,558.6015037593985,2.0,0.0,1,1,0,0,0,0.0,0
refit_5,refit,2015-04-19 10:00:00,2015-04-19,40,528.4779411764706,2.0,0.0,1,1,0,0,0,0.0,0
refit_5,refit,2015-04-19 10:15:00,2015-04-19,41,489.6842105263158,2.0,0.0,1,1,0,0,0,0.0,0
refit_5,refit,2015-04-19 10:30:00,2015-04-19,42,445.7067669172933,2.0,0.0,1,1,0,0,0,0.0,0
refit_5,refit,2015-04-19 10:45:00,2015-04-19,43,1598.5945945945946,4.0,3.0,1,1,0,0,0,0.0,0
refit_5,refit,2015-04-19 11:00:00,2015-04-19,44,1090.4528301886792,2.0,0.0,1,1,0,0,0,0.0,0
refit_5,refit,2015-04-19 11:15:00,2015-04-19,45,943.4488188976378,3.0,1.0,1,1,0,0,0,0.0,0
refit_5,refit,2015-04-19 11:30:00,2015-04-19,46,1291.1728395061727,4.0,2.0,1,1,0,0,0,0.0,0
refit_5,refit,2015-04-19 11:45:00,2015-04-19,47,1087.388349514563,3.0,9.0,1,1,0,0,0,0.0,0
refit_5,refit,2015-04-19 12:00:00,2015-04-19,48,1752.8253968253969,2.0,8.0,1,1,0,0,0,0.0,0
refit_5,refit,2015-04-19 12:15:00,2015-04-19,49,1553.467741935484,3.0,8.0,1,1,0,0,0,0.0,0
refit_5,refit,2015-04-19 12:30:00,2015-04-19,50,1294.0852713178294,5.0,2.0,1,1,0,0,0,0.0,0
refit_5,refit,2015-04-19 12:45:00,2015-04-19,51,2923.2136752136753,4.0,8.0,1,1,0,0,0,0.0,0
refit_5,refit,2015-04-19 13:00:00,2015-04-19,52,1188.296,4.0,2.0,1,1,0,0,0,0.0,0
refit_5,refit,2015-04-19 13:15:00,2015-04-19,53,828.0984848484849,2.0,0.0,1,1,0,0,0,0.0,0
refit_5,refit,2015-04-19 13:30:00,2015-04-19,54,468.61654135338347,1.0,0.0,1,1,0,0,0,0.0,0
refit_5,refit,2015-04-19 13:45:00,2015-04-19,55,443.91603053435114,1.0,0.0,1,1,0,0,0,0.0,0
refit_5,refit,2015-04-19 14:00:00,2015-04-19,56,435.1954887218045,1.0,0.0,1,1,0,0,0,0.0,0
refit_5,refit,2015-04-19 14:15:00,2015-04-19,57,396.7894736842105,1.0,0.0,1,1,0,0,0,0.0,0
refit_5,refit,2015-04-19 14:30:00,2015-04-19,58,434.2932330827067,1.0,0.0,1,1,0,0,0,0.0,0
refit_5,refit,2015-04-19 14:45:00,2015-04-19,59,529.2781954887218,1.0,1.0,1,1,0,0,0,0.0,0
refit_5,refit,2015-04-19 15:00:00,2015-04-19,60,411.1439393939394,1.0,0.0,1,1,0,0,0,0.0,0
refit_5,refit,2015-04-19 15:15:00,2015-04-19,61,427.3939393939394,1.0,0.0,1,1,0,0,0,0.0,0
refit_5,refit,2015-04-19 15:30:00,2015-04-19,62,471.7786259541985,1.0,0.0,1,1,0,0,0,0.0,0
refit_5,refit,2015-04-19 15:45:00,2015-04-19,63,530.8931297709923,1.0,0.0,1,1,0,0,0,0.0,0
refit_5,refit,2015-04-19 16:00:00,2015-04-19,64,496.8939393939394,1.0,0.0,1,1,0,0,0,0.0,0
refit_5,refit,2015-04-19 16:15:00,2015-04-19,65,526.6969696969697,1.0,0.0,1,1,0,0,0,0.0,0
refit_5,refit,2015-04-19 16:30:00,2015-04-19,66,508.3059701492537,1.0,0.0,1,1,0,0,0,0.0,0
refit_5,refit,2015-04-19 16:45:00,2015-04-19,67,491.6466165413534,1.0,0.0,1,1,0,0,0,0.0,0
refit_5,refit,2015-04-19 17:00:00,2015-04-19,68,516.5038167938932,1.0,0.0,1,1,0,0,0,0.0,0
refit_5,refit,2015-04-19 17:15:00,2015-04-19,69,497.95454545454544,1.0,0.0,1,1,0,0,0,0.0,0
refit_5,refit,2015-04-19 17:30:00,2015-04-19,70,475.8333333333333,1.0,0.0,1,1,0,0,0,0.0,0
refit_5,refit,2015-04-19 17:45:00,2015-04-19,71,457.7218045112782,0.0,0.0,1,1,0,0,0,0.0,0
refit_5,refit,2015-04-19 18:00:00,2015-04-19,72,459.6060606060606,1.0,0.0,1,1,0,0,0,0.0,0
refit_5,refit,2015-04-19 18:15:00,2015-04-19,73,408.8432835820895,1.0,0.0,1,1,0,0,0,0.0,0
refit_5,refit,2015-04-19 18:30:00,2015-04-19,74,521.1969696969697,1.0,0.0,1,1,0,0,0,0.0,0
refit_5,refit,2015-04-19 18:45:00,2015-04-19,75,444.6842105263158,1.0,1.0,1,1,0,0,0,0.0,0
refit_5,refit,2015-04-19 19:00:00,2015-04-19,76,417.3587786259542,1.0,0.0,1,1,0,0,0,0.0,0
refit_5,refit,2015-04-19 19:15:00,2015-04-19,77,782.5076923076923,2.0,1.0,1,1,0,0,0,0.0,0
refit_5,refit,2015-04-19 19:30:00,2015-04-19,78,861.8,3.0,1.0,1,1,0,0,0,0.0,0
refit_5,refit,2015-04-19 19:45:00,2015-04-19,79,1111.3923076923077,2.0,1.0,1,1,0,0,0,0.0,0
refit_5,refit,2015-04-19 20:00:00,2015-04-19,80,597.719696969697,1.0,0.0,1,1,0,0,0,0.0,0
refit_5,refit,2015-04-19 20:15:00,2015-04-19,81,722.0,1.0,0.0,1,1,0,0,0,0.0,0
refit_5,refit,2015-04-19 20:30:00,2015-04-19,82,649.6962962962963,1.0,0.0,1,1,0,0,0,0.0,0
refit_5,refit,2015-04-19 20:45:00,2015-04-19,83,609.7067669172932,1.0,0.0,1,1,0,0,0,0.0,0
refit_5,refit,2015-04-19 21:00:00,2015-04-19,84,614.8582089552239,1.0,0.0,1,1,0,0,0,0.0,0
refit_5,refit,2015-04-19 21:15:00,2015-04-19,85,566.0984848484849,1.0,0.0,1,1,0,0,0,0.0,0
refit_5,refit,2015-04-19 21:30:00,2015-04-19,86,525.8030303030303,1.0,1.0,1,1,0,0,0,0.0,0
refit_5,refit,2015-04-19 21:45:00,2015-04-19,87,487.3157894736842,0.0,0.0,1,1,0,0,0,0.0,0
refit_5,refit,2015-04-19 22:00:00,2015-04-19,88,482.82706766917295,1.0,0.0,1,1,0,0,0,0.0,0
refit_5,refit,2015-04-19 22:15:00,2015-04-19,89,431.95454545454544,0.0,0.0,1,1,0,0,0,0.0,0
refit_5,refit,2015-04-19 22:30:00,2015-04-19,90,464.3333333333333,1.0,0.0,1,1,0,0,0,0.0,0
refit_5,refit,2015-04-19 22:45:00,2015-04-19,91,435.00757575757575,0.0,0.0,1,1,0,0,0,0.0,0
refit_5,refit,2015-04-19 23:00:00,2015-04-19,92,475.6742424242424,1.0,0.0,1,1,0,0,0,0.0,0
refit_5,refit,2015-04-19 23:15:00,2015-04-19,93,443.8222222222222,1.0,0.0,1,1,0,0,0,0.0,0
refit_5,refit,2015-04-19 23:30:00,2015-04-19,94,456.7518796992481,1.0,0.0,1,1,0,0,0,0.0,0
refit_5,refit,2015-04-19 23:45:00,2015-04-19,95,441.3609022556391,1.0,0.0,1,1,0,0,0,0.0,0
refit_5,refit,2015-04-20 00:00:00,2015-04-20,0,427.410447761194,1.0,0.0,0,1,0,0,0,0.0,0
refit_5,refit,2015-04-20 00:15:00,2015-04-20,1,435.7480916030534,1.0,0.0,0,1,0,0,0,0.0,0
refit_5,refit,2015-04-20 00:30:00,2015-04-20,2,403.9925373134328,1.0,0.0,0,1,0,0,0,0.0,0
refit_5,refit,2015-04-20 00:45:00,2015-04-20,3,428.9925373134328,1.0,0.0,0,1,0,0,0,0.0,0
refit_5,refit,2015-04-20 01:00:00,2015-04-20,4,394.1954887218045,0.0,0.0,0,1,0,0,0,0.0,0
refit_5,refit,2015-04-20 01:15:00,2015-04-20,5,426.3851851851852,1.0,0.0,0,1,0,0,0,0.0,0
refit_5,refit,2015-04-20 01:30:00,2015-04-20,6,385.1940298507463,1.0,0.0,0,1,0,0,0,0.0,0
refit_5,refit,2015-04-20 01:45:00,2015-04-20,7,413.65413533834584,1.0,0.0,0,1,0,0,0,0.0,0
refit_5,refit,2015-04-20 02:00:00,2015-04-20,8,404.7462686567165,1.0,0.0,0,1,0,0,0,0.0,0
refit_5,refit,2015-04-20 02:15:00,2015-04-20,9,404.93939393939394,1.0,0.0,0,1,0,0,0,0.0,0
refit_5,refit,2015-04-20 02:30:00,2015-04-20,10,411.94736842105266,1.0,0.0,0,1,0,0,0,0.0,0
refit_5,refit,2015-04-20 02:45:00,2015-04-20,11,393.47727272727275,1.0,0.0,0,1,0,0,0,0.0,0
refit_5,refit,2015-04-20 03:00:00,2015-04-20,12,422.1515151515151,1.0,0.0,0,1,0,0,0,0.0,0
refit_5,refit,2015-04-20 03:15:00,2015-04-20,13,392.609022556391,0.0,0.0,0,1,0,0,0,0.0,0
refit_5,refit,2015-04-20 03:30:00,2015-04-20,14,414.4848484848485,1.0,0.0,0,1,0,0,0,0.0,0
refit_5,refit,2015-04-20 03:45:00,2015-04-20,15,385.6106870229008,1.0,0.0,0,1,0,0,0,0.0,0
refit_5,refit,2015-04-20 04:00:00,2015-04-20,16,412.0444444444444,1.0,0.0,0,1,0,0,0,0.0,0
refit_5,refit,2015-04-20 04:15:00,2015-04-20,17,400.8721804511278,1.0,0.0,0,1,0,0,0,0.0,0
refit_5,refit,2015-04-20 04:30:00,2015-04-20,18,395.20454545454544,1.0,0.0,0,1,0,0,0,0.0,0
refit_5,refit,2015-04-20 04:45:00,2015-04-20,19,403.0375939849624,1.0,0.0,0,1,0,0,0,0.0,0
refit_5,refit,2015-04-20 05:00:00,2015-04-20,20,490.4222222222222,1.0,0.0,0,1,0,0,0,0.0,0
refit_5,refit,2015-04-20 05:15:00,2015-04-20,21,540.0,1.0,0.0,0,1,0,0,0,0.0,0
refit_5,refit,2015-04-20 05:30:00,2015-04-20,22,479.8148148148149,0.0,0.0,0,1,0,0,0,0.0,0
refit_5,refit,2015-04-20 05:45:00,2015-04-20,23,1014.5530303030304,2.0,1.0,0,1,0,0,0,0.0,0
refit_5,refit,2015-04-20 06:00:00,2015-04-20,24,503.0,0.0,0.0,0,1,0,0,0,0.0,0
refit_5,refit,2015-04-20 06:15:00,2015-04-20,25,561.7348484848485,1.0,0.0,0,1,0,0,0,0.0,0
refit_5,refit,2015-04-20 06:30:00,2015-04-20,26,1033.6608695652174,3.0,3.0,0,1,0,0,0,0.0,0
refit_5,refit,2015-04-20 06:45:00,2015-04-20,27,615.1654135338346,0.0,0.0,0,1,0,0,0,0.0,0
refit_5,refit,2015-04-20 07:00:00,2015-04-20,28,701.8320610687023,1.0,0.0,0,1,0,0,0,0.0,0
refit_5,refit,2015-04-20 07:15:00,2015-04-20,29,1144.1374045801526,2.0,1.0,0,1,0,0,0,0.0,0
refit_5,refit,2015-04-20 07:30:00,2015-04-20,30,1023.6377952755904,3.0,3.0,0,1,0,0,0,0.0,0
refit_5,refit,2015-04-20 07:45:00,2015-04-20,31,829.9851851851852,1.0,0.0,0,1,0,0,0,0.0,0
refit_5,refit,2015-04-20 08:00:00,2015-04-20,32,499.44274809160305,1.0,0.0,0,1,0,0,0,0.0,0
refit_5,refit,2015-04-20 08:15:00,2015-04-20,33,478.8484848484849,1.0,0.0,0,1,0,0,0,0.0,0
refit_5,refit,2015-04-20 08:30:00,2015-04-20,34,460.0074626865672,1.0,0.0,0,1,0,0,0,0.0,0
refit_5,refit,2015-04-20 08:45:00,2015-04-20,35,453.4469696969697,1.0,0.0,0,1,0,0,0,0.0,0
refit_5,refit,2015-04-20 09:00:00,2015-04-20,36,466.84375,1.0,0.0,0,1,0,0,0,0.0,0
refit_5,refit,2015-04-20 09:15:00,2015-04-20,37,465.09774436090225,1.0,0.0,0,1,0,0,0,0.0,0
refit_5,refit,2015-04-20 09:30:00,2015-04-20,38,441.7480916030534,1.0,0.0,0,1,0,0,0,0.0,0
refit_5,refit,2015-04-20 09:45:00,2015-04-20,39,434.43609022556393,1.0,0.0,0,1,0,0,0,0.0,0
refit_5,refit,2015-04-20 10:00:00,2015-04-20,40,432.3863636363636,0.0,0.0,0,1,0,0,0,0.0,0
refit_5,refit,2015-04-20 10:15:00,2015-04-20,41,459.2462686567165,1.0,0.0,0,1,0,0,0,0.0,0
refit_5,refit,2015-04-20 10:30:00,2015-04-20,42,439.34586466165416,1.0,0.0,0,1,0,0,0,0.0,0
refit_5,refit,2015-04-20 10:45:00,2015-04-20,43,449.09774436090225,1.0,0.0,0,1,0,0,0,0.0,0
refit_5,refit,2015-04-20 11:00:00,2015-04-20,44,437.97744360902254,1.0,0.0,0,1,0,0,0,0.0,0
refit_5,refit,2015-04-20 11:15:00,2015-04-20,45,442.0833333333333,1.0,0.0,0,1,0,0,0,0.0,0
refit_5,refit,2015-04-20 11:30:00,2015-04-20,46,450.16541353383457,1.0,0.0,0,1,0,0,0,0.0,0
refit_5,refit,2015-04-20 11:45:00,2015-04-20,47,452.3984962406015,1.0,0.0,0,1,0,0,0,0.0,0
refit_5,refit,2015-04-20 12:00:00,2015-04-20,48,430.3333333333333,1.0,0.0,0,1,0,0,0,0.0,0
refit_5,refit,2015-04-20 12:15:00,2015-04-20,49,427.9618320610687,1.0,0.0,0,1,0,0,0,0.0,0
refit_5,refit,2015-04-20 12:30:00,2015-04-20,50,424.45454545454544,1.0,0.0,0,1,0,0,0,0.0,0
refit_5,refit,2015-04-20 12:45:00,2015-04-20,51,419.78625954198475,1.0,0.0,0,1,0,0,0,0.0,0
refit_5,refit,2015-04-20 13:00:00,2015-04-20,52,406.90225563909775,1.0,0.0,0,1,0,0,0,0.0,0
refit_5,refit,2015-04-20 13:15:00,2015-04-20,53,419.7537313432835,1.0,0.0,0,1,0,0,0,0.0,0
refit_5,refit,2015-04-20 13:30:00,2015-04-20,54,415.56060606060606,1.0,0.0,0,1,0,0,0,0.0,0
refit_5,refit,2015-04-20 13:45:00,2015-04-20,55,424.4135338345865,1.0,0.0,0,1,0,0,0,0.0,0
refit_5,refit,2015-04-20 14:00:00,2015-04-20,56,409.3283582089553,1.0,0.0,0,1,0,0,0,0.0,0
refit_5,refit,2015-04-20 14:15:00,2015-04-20,57,412.80916030534354,1.0,0.0,0,1,0,0,0,0.0,0
refit_5,refit,2015-04-20 14:30:00,2015-04-20,58,429.42857142857144,1.0,0.0,0,1,0,0,0,0.0,0
refit_5,refit,2015-04-20 14:45:00,2015-04-20,59,414.0149253731343,1.0,0.0,0,1,0,0,0,0.0,0
refit_5,refit,2015-04-20 15:00:00,2015-04-20,60,497.7368421052632,1.0,0.0,0,1,0,0,0,0.0,0
refit_5,refit,2015-04-20 15:15:00,2015-04-20,61,493.4166666666667,1.0,0.0,0,1,0,0,0,0.0,0
refit_5,refit,2015-04-20 15:30:00,2015-04-20,62,550.1641791044776,1.0,0.0,0,1,0,0,0,0.0,0
refit_5,refit,2015-04-20 15:45:00,2015-04-20,63,543.7218045112782,1.0,0.0,0,1,0,0,0,0.0,0
refit_5,refit,2015-04-20 16:00:00,2015-04-20,64,538.3307692307692,1.0,0.0,0,1,0,0,0,0.0,0
refit_5,refit,2015-04-20 16:15:00,2015-04-20,65,579.4253731343283,1.0,0.0,0,1,0,0,0,0.0,0
refit_5,refit,2015-04-20 16:30:00,2015-04-20,66,542.1603053435115,0.0,0.0,0,1,0,0,0,0.0,0
refit_5,refit,2015-04-20 16:45:00,2015-04-20,67,601.216,1.0,0.0,0,1,0,0,0,0.0,0
refit_5,refit,2015-04-20 17:00:00,2015-04-20,68,1114.7519379844962,3.0,1.0,0,1,0,0,0,0.0,0
refit_5,refit,2015-04-20 17:15:00,2015-04-20,69,591.1969696969697,1.0,0.0,0,1,0,0,0,0.0,0
refit_5,refit,2015-04-20 17:30:00,2015-04-20,70,892.0,2.0,0.0,0,1,0,0,0,0.0,0
refit_5,refit,2015-04-20 17:45:00,2015-04-20,71,2681.5563909774437,4.0,1.0,0,1,0,0,0,0.0,0
refit_5,refit,2015-04-20 18:00:00,2015-04-20,72,1508.7692307692307,4.0,0.0,0,1,0,0,0,0.0,0
refit_5,refit,2015-04-20 18:15:00,2015-04-20,73,747.8931297709923,3.0,0.0,0,1,0,0,0,0.0,0
refit_5,refit,2015-04-20 18:30:00,2015-04-20,74,1166.1023622047244,4.0,2.0,0,1,0,0,0,0.0,0
refit_5,refit,2015-04-20 18:45:00,2015-04-20,75,748.1615384615385,2.0,0.0,0,1,0,0,0,0.0,0
refit_5,refit,2015-04-20 19:00:00,2015-04-20,76,689.7109375,1.0,0.0,0,1,0,0,0,0.0,0
refit_5,refit,2015-04-20 19:15:00,2015-04-20,77,743.578125,2.0,0.0,0,1,0,0,0,0.0,0
refit_5,refit,2015-04-20 19:30:00,2015-04-20,78,659.2913385826772,1.0,0.0,0,1,0,0,0,0.0,0
refit_5,refit,2015-04-20 19:45:00,2015-04-20,79,704.625,2.0,0.0,0,1,0,0,0,0.0,0
refit_5,refit,2015-04-20 20:00:00,2015-04-20,80,599.2255639097745,1.0,0.0,0,1,0,0,0,0.0,0
refit_5,refit,2015-04-20 20:15:00,2015-04-20,81,634.6923076923077,2.0,0.0,0,1,0,0,0,0.0,0
refit_5,refit,2015-04-20 20:30:00,2015-04-20,82,527.578125,1.0,0.0,0,1,0,0,0,0.0,0
refit_5,refit,2015-04-20 20:45:00,2015-04-20,83,677.077519379845,2.0,0.0,0,1,0,0,0,0.0,0
refit_5,refit,2015-04-20 21:00:00,2015-04-20,84,607.3740458015267,2.0,0.0,0,1,0,0,0,0.0,0
refit_5,refit,2015-04-20 21:15:00,2015-04-20,85,647.6564885496183,2.0,0.0,0,1,0,0,0,0.0,0
refit_5,refit,2015-04-20 21:30:00,2015-04-20,86,491.3030303030303,2.0,0.0,0,1,0,0,0,0.0,0
refit_5,refit,2015-04-20 21:45:00,2015-04-20,87,469.5648854961832,1.0,0.0,0,1,0,0,0,0.0,0
refit_5,refit,2015-04-20 22:00:00,2015-04-20,88,453.7518796992481,1.0,0.0,0,1,0,0,0,0.0,0
refit_5,refit,2015-04-20 22:15:00,2015-04-20,89,461.8939393939394,1.0,0.0,0,1,0,0,0,0.0,0
refit_5,refit,2015-04-20 22:30:00,2015-04-20,90,431.8257575757576,1.0,0.0,0,1,0,0,0,0.0,0
refit_5,refit,2015-04-20 22:45:00,2015-04-20,91,449.0610687022901,1.0,0.0,0,1,0,0,0,0.0,0
refit_5,refit,2015-04-20 23:00:00,2015-04-20,92,426.1461538461538,0.0,0.0,0,1,0,0,0,0.0,0
refit_5,refit,2015-04-20 23:15:00,2015-04-20,93,450.2105263157895,1.0,0.0,0,1,0,0,0,0.0,0
refit_5,refit,2015-04-20 23:30:00,2015-04-20,94,413.25563909774434,0.0,0.0,0,1,0,0,0,0.0,0
refit_5,refit,2015-04-20 23:45:00,2015-04-20,95,427.4732824427481,1.0,0.0,0,1,0,0,0,0.0,0
refit_5,refit,2015-04-21 00:00:00,2015-04-21,0,414.2442748091603,1.0,0.0,0,1,0,0,0,0.0,0
refit_5,refit,2015-04-21 00:15:00,2015-04-21,1,427.54477611940297,1.0,0.0,0,1,0,0,0,0.0,0
refit_5,refit,2015-04-21 00:30:00,2015-04-21,2,404.0458015267176,1.0,0.0,0,1,0,0,0,0.0,0
refit_5,refit,2015-04-21 00:45:00,2015-04-21,3,411.4503816793893,1.0,0.0,0,1,0,0,0,0.0,0
refit_5,refit,2015-04-21 01:00:00,2015-04-21,4,421.9465648854962,1.0,0.0,0,1,0,0,0,0.0,0
refit_5,refit,2015-04-21 01:15:00,2015-04-21,5,421.68702290076334,1.0,0.0,0,1,0,0,0,0.0,0
refit_5,refit,2015-04-21 01:30:00,2015-04-21,6,415.6564885496183,1.0,0.0,0,1,0,0,0,0.0,0
refit_5,refit,2015-04-21 01:45:00,2015-04-21,7,399.3206106870229,1.0,0.0,0,1,0,0,0,0.0,0
refit_5,refit,2015-04-21 02:00:00,2015-04-21,8,431.89312977099235,2.0,0.0,0,1,0,0,0,0.0,0
refit_5,refit,2015-04-21 02:15:00,2015-04-21,9,473.609756097561,2.0,0.0,0,1,0,0,0,0.0,0
refit_5,refit,2015-04-21 02:30:00,2015-04-21,10,445.8032786885246,2.0,0.0,0,1,0,0,0,0.0,0
refit_5,refit,2015-04-21 02:45:00,2015-04-21,11,396.0151515151515,1.0,0.0,0,1,0,0,0,0.0,0
refit_5,refit,2015-04-21 03:00:00,2015-04-21,12,424.206106870229,2.0,0.0,0,1,0,0,0,0.0,0
refit_5,refit,2015-04-21 03:15:00,2015-04-21,13,405.2878787878788,2.0,0.0,0,1,0,0,0,0.0,0
refit_5,refit,2015-04-21 03:30:00,2015-04-21,14,416.72727272727275,2.0,0.0,0,1,0,0,0,0.0,0
refit_5,refit,2015-04-21 03:45:00,2015-04-21,15,378.6896551724138,1.0,0.0,0,1,0,0,0,0.0,0
refit_5,refit,2015-04-21 04:00:00,2015-04-21,16,410.54128440366975,1.0,0.0,0,1,0,0,0,0.0,0
refit_5,refit,2015-04-21 04:15:00,2015-04-21,17,401.0681818181818,1.0,0.0,0,1,0,0,0,0.0,0
refit_5,refit,2015-04-21 04:30:00,2015-04-21,18,387.72727272727275,1.0,0.0,0,1,0,0,0,0.0,0
refit_5,refit,2015-04-21 04:45:00,2015-04-21,19,390.55725190839695,1.0,0.0,0,1,0,0,0,0.0,0
refit_5,refit,2015-04-21 05:00:00,2015-04-21,20,1030.3157894736842,1.0,1.0,0,1,0,0,0,0.0,0
refit_5,refit,2015-04-21 05:15:00,2015-04-21,21,541.7938931297709,1.0,0.0,0,1,0,0,0,0.0,0
refit_5,refit,2015-04-21 05:30:00,2015-04-21,22,485.8560606060606,0.0,0.0,0,1,0,0,0,0.0,0
refit_5,refit,2015-04-21 05:45:00,2015-04-21,23,729.8015267175573,1.0,0.0,0,1,0,0,0,0.0,0
refit_5,refit,2015-04-21 06:00:00,2015-04-21,24,1514.371212121212,0.0,0.0,0,1,0,0,0,0.0,0
refit_5,refit,2015-04-21 06:15:00,2015-04-21,25,2457.732824427481,3.0,2.0,0,1,0,0,0,0.0,0
refit_5,refit,2015-04-21 06:30:00,2015-04-21,26,1707.7348484848485,2.0,1.0,0,1,0,0,0,0.0,0
refit_5,refit,2015-04-21 06:45:00,2015-04-21,27,1887.923664122137,2.0,0.0,0,1,0,0,0,0.0,0
refit_5,refit,2015-04-21 07:00:00,2015-04-21,28,688.7862595419847,2.0,0.0,0,1,0,0,0,0.0,0
refit_5,refit,2015-04-21 07:15:00,2015-04-21,29,1083.4924242424242,3.0,1.0,0,1,0,0,0,0.0,0
refit_5,refit,2015-04-21 07:30:00,2015-04-21,30,604.9618320610687,2.0,0.0,0,1,0,0,0,0.0,0
refit_5,refit,2015-04-21 07:45:00,2015-04-21,31,635.008,3.0,1.0,0,1,0,0,0,0.0,0
refit_5,refit,2015-04-21 08:00:00,2015-04-21,32,1097.953488372093,3.0,2.0,0,1,0,0,0,0.0,0
refit_5,refit,2015-04-21 08:15:00,2015-04-21,33,528.576,2.0,1.0,0,1,0,0,0,0.0,0
refit_5,refit,2015-04-21 08:30:00,2015-04-21,34,468.0403225806452,1.0,0.0,0,1,0,0,0,0.0,0
refit_5,refit,2015-04-21 08:45:00,2015-04-21,35,435.2734375,1.0,0.0,0,1,0,0,0,0.0,0
refit_5,refit,2015-04-21 09:00:00,2015-04-21,36,415.57894736842104,1.0,0.0,0,1,0,0,0,0.0,0
refit_5,refit,2015-04-21 09:15:00,2015-04-21,37,450.72727272727275,1.0,0.0,0,1,0,0,0,0.0,0
refit_5,refit,2015-04-21 09:30:00,2015-04-21,38,412.7835820895522,1.0,0.0,0,1,0,0,0,0.0,0
refit_5,refit,2015-04-21 09:45:00,2015-04-21,39,416.0916030534351,1.0,0.0,0,1,0,0,0,0.0,0
refit_5,refit,2015-04-21 10:00:00,2015-04-21,40,410.5648854961832,1.0,0.0,0,1,0,0,0,0.0,0
refit_5,refit,2015-04-21 10:15:00,2015-04-21,41,440.4846153846154,1.0,0.0,0,1,0,0,0,0.0,0
refit_5,refit,2015-04-21 10:30:00,2015-04-21,42,408.48091603053433,1.0,0.0,0,1,0,0,0,0.0,0
refit_5,refit,2015-04-21 10:45:00,2015-04-21,43,426.83458646616543,1.0,0.0,0,1,0,0,0,0.0,0
refit_5,refit,2015-04-21 11:00:00,2015-04-21,44,407.42105263157896,1.0,0.0,0,1,0,0,0,0.0,0
refit_5,refit,2015-04-21 11:15:00,2015-04-21,45,427.51908396946567,1.0,0.0,0,1,0,0,0,0.0,0
refit_5,refit,2015-04-21 11:30:00,2015-04-21,46,403.99242424242425,1.0,0.0,0,1,0,0,0,0.0,0
refit_5,refit,2015-04-21 11:45:00,2015-04-21,47,431.99236641221376,1.0,0.0,0,1,0,0,0,0.0,0
refit_5,refit,2015-04-21 12:00:00,2015-04-21,48,403.82089552238807,0.0,0.0,0,1,0,0,0,0.0,0
refit_5,refit,2015-04-21 12:15:00,2015-04-21,49,434.74436090225566,1.0,0.0,0,1,0,0,0,0.0,0
refit_5,refit,2015-04-21 12:30:00,2015-04-21,50,404.78740157480314,0.0,0.0,0,1,0,0,0,0.0,0
refit_5,refit,2015-04-21 12:45:00,2015-04-21,51,435.0151515151515,1.0,0.0,0,1,0,0,0,0.0,0
refit_5,refit,2015-04-21 13:00:00,2015-04-21,52,405.0378787878788,0.0,0.0,0,1,0,0,0,0.0,0
refit_5,refit,2015-04-21 13:15:00,2015-04-21,53,437.14925373134326,1.0,0.0,0,1,0,0,0,0.0,0
refit_5,refit,2015-04-21 13:30:00,2015-04-21,54,400.2824427480916,0.0,0.0,0,1,0,0,0,0.0,0
refit_5,refit,2015-04-21 13:45:00,2015-04-21,55,433.48091603053433,1.0,0.0,0,1,0,0,0,0.0,0
refit_5,refit,2015-04-21 14:00:00,2015-04-21,56,404.390977443609,0.0,0.0,0,1,0,0,0,0.0,0
refit_5,refit,2015-04-21 14:15:00,2015-04-21,57,434.0597014925374,1.0,0.0,0,1,0,0,0,0.0,0
refit_5,refit,2015-04-21 14:30:00,2015-04-21,58,406.2631578947368,0.0,0.0,0,1,0,0,0,0.0,0
refit_5,refit,2015-04-21 14:45:00,2015-04-21,59,433.9318181818182,1.0,0.0,0,1,0,0,0,0.0,0
refit_5,refit,2015-04-21 15:00:00,2015-04-21,60,406.3609022556391,0.0,0.0,0,1,0,0,0,0.0,0
refit_5,refit,2015-04-21 15:15:00,2015-04-21,61,429.2706766917293,1.0,0.0,0,1,0,0,0,0.0,0
refit_5,refit,2015-04-21 15:30:00,2015-04-21,62,479.609022556391,1.0,0.0,0,1,0,0,0,0.0,0
refit_5,refit,2015-04-21 15:45:00,2015-04-21,63,576.7557251908397,1.0,0.0,0,1,0,0,0,0.0,0
refit_5,refit,2015-04-21 16:00:00,2015-04-21,64,510.8538461538462,1.0,0.0,0,1,0,0,0,0.0,0
refit_5,refit,2015-04-21 16:15:00,2015-04-21,65,533.9253731343283,1.0,0.0,0,1,0,0,0,0.0,0
refit_5,refit,2015-04-21 16:30:00,2015-04-21,66,546.1287878787879,2.0,0.0,0,1,0,0,0,0.0,0
refit_5,refit,2015-04-21 16:45:00,2015-04-21,67,1417.8384615384616,3.0,0.0,0,1,0,0,0,0.0,0
refit_5,refit,2015-04-21 17:00:00,2015-04-21,68,982.376923076923,3.0,0.0,0,1,0,0,0,0.0,0
refit_5,refit,2015-04-21 17:15:00,2015-04-21,69,764.5923076923077,3.0,0.0,0,1,0,0,0,0.0,0
refit_5,refit,2015-04-21 17:30:00,2015-04-21,70,739.172932330827,3.0,0.0,0,1,0,0,0,0.0,0
refit_5,refit,2015-04-21 17:45:00,2015-04-21,71,767.2671755725191,3.0,0.0,0,1,0,0,0,0.0,0
refit_5,refit,2015-04-21 18:00:00,2015-04-21,72,670.1068702290077,2.0,0.0,0,1,0,0,0,0.0,0
refit_5,refit,2015-04-21 18:15:00,2015-04-21,73,500.44274809160305,1.0,0.0,0,1,0,0,0,0.0,0
refit_5,refit,2015-04-21 18:30:00,2015-04-21,74,619.3984375,1.0,0.0,0,1,0,0,0,0.0,0
refit_5,refit,2015-04-21 18:45:00,2015-04-21,75,1015.9837398373984,3.0,2.0,0,1,0,0,0,0.0,0
refit_5,refit,2015-04-21 19:00:00,2015-04-21,76,494.496,1.0,0.0,0,1,0,0,0,0.0,0
refit_5,refit,2015-04-21 19:15:00,2015-04-21,77,535.0,2.0,1.0,0,1,0,0,0,0.0,0
refit_5,refit,2015-04-21 19:30:00,2015-04-21,78,484.18045112781954,1.0,0.0,0,1,0,0,0,0.0,0
refit_5,refit,2015-04-21 19:45:00,2015-04-21,79,516.3846153846154,2.0,1.0,0,1,0,0,0,0.0,0
refit_5,refit,2015-04-21 20:00:00,2015-04-21,80,664.062015503876,2.0,0.0,0,1,0,0,0,0.0,0
refit_5,refit,2015-04-21 20:15:00,2015-04-21,81,660.8484848484849,0.0,0.0,0,1,0,0,0,0.0,0
refit_5,refit,2015-04-21 20:30:00,2015-04-21,82,587.9318181818181,2.0,0.0,0,1,0,0,0,0.0,0
refit_5,refit,2015-04-21 20:45:00,2015-04-21,83,563.9312977099237,1.0,0.0,0,1,0,0,0,0.0,0
refit_5,refit,2015-04-21 21:00:00,2015-04-21,84,627.6062992125984,2.0,1.0,0,1,0,0,0,0.0,0
refit_5,refit,2015-04-21 21:15:00,2015-04-21,85,620.7272727272727,2.0,4.0,0,1,0,0,0,0.0,0
refit_5,refit,2015-04-21 21:30:00,2015-04-21,86,525.8538461538461,1.0,0.0,0,1,0,0,0,0.0,0
refit_5,refit,2015-04-21 21:45:00,2015-04-21,87,559.6666666666666,1.0,0.0,0,1,0,0,0,0.0,0
refit_5,refit,2015-04-21 22:00:00,2015-04-21,88,442.9609375,1.0,0.0,0,1,0,0,0,0.0,0
refit_5,refit,2015-04-21 22:15:00,2015-04-21,89,436.19083969465646,1.0,0.0,0,1,0,0,0,0.0,0
refit_5,refit,2015-04-21 22:30:00,2015-04-21,90,428.4318181818182,1.0,0.0,0,1,0,0,0,0.0,0
refit_5,refit,2015-04-21 22:45:00,2015-04-21,91,417.8854961832061,1.0,0.0,0,1,0,0,0,0.0,0
refit_5,refit,2015-04-21 23:00:00,2015-04-21,92,499.9618320610687,1.0,0.0,0,1,0,0,0,0.0,0
refit_5,refit,2015-04-21 23:15:00,2015-04-21,93,413.89312977099235,1.0,0.0,0,1,0,0,0,0.0,0
refit_5,refit,2015-04-21 23:30:00,2015-04-21,94,379.10769230769233,0.0,0.0,0,1,0,0,0,0.0,0
refit_5,refit,2015-04-21 23:45:00,2015-04-21,95,400.5112781954887,1.0,0.0,0,1,0,0,0,0.0,0
refit_5,refit,2015-04-22 00:00:00,2015-04-22,0,406.15384615384613,0.0,0.0,0,1,0,0,0,0.0,0
refit_5,refit,2015-04-22 00:15:00,2015-04-22,1,442.43609022556393,1.0,0.0,0,1,0,0,0,0.0,0
refit_5,refit,2015-04-22 00:30:00,2015-04-22,2,366.99242424242425,1.0,0.0,0,1,0,0,0,0.0,0
refit_5,refit,2015-04-22 00:45:00,2015-04-22,3,384.6,1.0,0.0,0,1,0,0,0,0.0,0
refit_5,refit,2015-04-22 01:00:00,2015-04-22,4,434.47727272727275,1.0,0.0,0,1,0,0,0,0.0,0
refit_5,refit,2015-04-22 01:15:00,2015-04-22,5,525.376923076923,1.0,1.0,0,1,0,0,0,0.0,0
refit_5,refit,2015-04-22 01:30:00,2015-04-22,6,624.6307692307693,1.0,0.0,0,1,0,0,0,0.0,0
refit_5,refit,2015-04-22 01:45:00,2015-04-22,7,405.8320610687023,1.0,0.0,0,1,0,0,0,0.0,0
refit_5,refit,2015-04-22 02:00:00,2015-04-22,8,509.1384615384615,1.0,0.0,0,1,0,0,0,0.0,0
refit_5,refit,2015-04-22 02:15:00,2015-04-22,9,428.3759398496241,2.0,0.0,0,1,0,0,0,0.0,0
refit_5,refit,2015-04-22 02:30:00,2015-04-22,10,426.42105263157896,2.0,0.0,0,1,0,0,0,0.0,0
refit_5,refit,2015-04-22 02:45:00,2015-04-22,11,430.52100840336135,2.0,0.0,0,1,0,0,0,0.0,0
refit_5,refit,2015-04-22 03:00:00,2015-04-22,12,480.8939393939394,1.0,0.0,0,1,0,0,0,0.0,0
refit_5,refit,2015-04-22 03:15:00,2015-04-22,13,397.8257575757576,2.0,0.0,0,1,0,0,0,0.0,0
refit_5,refit,2015-04-22 03:30:00,2015-04-22,14,434.0787401574803,2.0,0.0,0,1,0,0,0,0.0,0
refit_5,refit,2015-04-22 03:45:00,2015-04-22,15,758.7153846153847,3.0,1.0,0,1,0,0,0,0.0,0
refit_5,refit,2015-04-22 04:00:00,2015-04-22,16,369.7073170731707,1.0,0.0,0,1,0,0,0,0.0,0
refit_5,refit,2015-04-22 04:15:00,2015-04-22,17,419.9126213592233,1.0,0.0,0,1,0,0,0,0.0,0
refit_5,refit,2015-04-22 04:30:00,2015-04-22,18,446.0381679389313,1.0,0.0,0,1,0,0,0,0.0,0
refit_5,refit,2015-04-22 04:45:00,2015-04-22,19,362.6666666666667,1.0,0.0,0,1,0,0,0,0.0,0
refit_5,refit,2015-04-22 05:00:00,2015-04-22,20,730.9834710743802,2.0,1.0,0,1,0,0,0,0.0,0
refit_5,refit,2015-04-22 05:15:00,2015-04-22,21,461.34090909090907,1.0,0.0,0,1,0,0,0,0.0,0
refit_5,refit,2015-04-22 05:30:00,2015-04-22,22,457.3333333333333,1.0,0.0,0,1,0,0,0,0.0,0
refit_5,refit,2015-04-22 05:45:00,2015-04-22,23,455.0075187969925,1.0,0.0,0,1,0,0,0,0.0,0
refit_5,refit,2015-04-22 06:00:00,2015-04-22,24,494.7251908396947,1.0,0.0,0,1,0,0,0,0.0,0
refit_5,refit,2015-04-22 06:15:00,2015-04-22,25,939.591304347826,3.0,2.0,0,1,0,0,0,0.0,0
refit_5,refit,2015-04-22 06:30:00,2015-04-22,26,561.7709923664122,1.0,0.0,0,1,0,0,0,0.0,0
refit_5,refit,2015-04-22 06:45:00,2015-04-22,27,568.3587786259542,1.0,0.0,0,1,0,0,0,0.0,0
refit_5,refit,2015-04-22 07:00:00,2015-04-22,28,722.0984848484849,2.0,1.0,0,1,0,0,0,0.0,0
refit_5,refit,2015-04-22 07:15:00,2015-04-22,29,752.1693548387096,3.0,2.0,0,1,0,0,0,0.0,0
refit_5,refit,2015-04-22 07:30:00,2015-04-22,30,475.5153846153846,2.0,0.0,0,1,0,0,0,0.0,0
refit_5,refit,2015-04-22 07:45:00,2015-04-22,31,424.54615384615386,1.0,0.0,0,1,0,0,0,0.0,0
refit_5,refit,2015-04-22 08:00:00,2015-04-22,32,375.83458646616543,1.0,0.0,0,1,0,0,0,0.0,0
refit_5,refit,2015-04-22 08:15:00,2015-04-22,33,379.8181818181818,1.0,0.0,0,1,0,0,0,0.0,0
refit_5,refit,2015-04-22 08:30:00,2015-04-22,34,364.2748091603053,1.0,0.0,0,1,0,0,0,0.0,0
refit_5,refit,2015-04-22 08:45:00,2015-04-22,35,399.5112781954887,1.0,0.0,0,1,0,0,0,0.0,0
refit_5,refit,2015-04-22 09:00:00,2015-04-22,36,369.2105263157895,0.0,0.0,0,1,0,0,0,0.0,0
refit_5,refit,2015-04-22 09:15:00,2015-04-22,37,398.3484848484849,1.0,0.0,0,1,0,0,0,0.0,0
refit_5,refit,2015-04-22 09:30:00,2015-04-22,38,375.50375939849624,1.0,0.0,0,1,0,0,0,0.0,0
refit_5,refit,2015-04-22 09:45:00,2015-04-22,39,411.02255639097746,1.0,0.0,0,1,0,0,0,0.0,0
refit_5,refit,2015-04-22 10:00:00,2015-04-22,40,389.8167938931298,1.0,0.0,0,1,0,0,0,0.0,0
refit_5,refit,2015-04-22 10:15:00,2015-04-22,41,391.00757575757575,1.0,0.0,0,1,0,0,0,0.0,0
refit_5,refit,2015-04-22 10:30:00,2015-04-22,42,375.4242424242424,1.0,0.0,0,1,0,0,0,0.0,0
refit_5,refit,2015-04-22 10:45:00,2015-04-22,43,383.7230769230769,1.0,0.0,0,1,0,0,0,0.0,0
refit_5,refit,2015-04-22 11:00:00,2015-04-22,44,385.1603053435114,1.0,0.0,0,1,0,0,0,0.0,0
refit_5,refit,2015-04-22 11:15:00,2015-04-22,45,380.8939393939394,1.0,0.0,0,1,0,0,0,0.0,0
refit_5,refit,2015-04-22 11:30:00,2015-04-22,46,387.30827067669173,1.0,0.0,0,1,0,0,0,0.0,0
refit_5,refit,2015-04-22 11:45:00,2015-04-22,47,376.34615384615387,1.0,0.0,0,1,0,0,0,0.0,0
refit_5,refit,2015-04-22 12:00:00,2015-04-22,48,395.01503759398497,1.0,0.0,0,1,0,0,0,0.0,0
refit_5,refit,2015-04-22 12:15:00,2015-04-22,49,370.6307692307692,0.0,0.0,0,1,0,0,0,0.0,0
refit_5,refit,2015-04-22 12:30:00,2015-04-22,50,394.31297709923666,1.0,0.0,0,1,0,0,0,0.0,0
refit_5,refit,2015-04-22 12:45:00,2015-04-22,51,361.73228346456693,0.0,0.0,0,1,0,0,0,0.0,0
refit_5,refit,2015-04-22 13:00:00,2015-04-22,52,390.6212121212121,1.0,0.0,0,1,0,0,0,0.0,0
refit_5,refit,2015-04-22 13:15:00,2015-04-22,53,367.99242424242425,0.0,0.0,0,1,0,0,0,0.0,0
refit_5,refit,2015-04-22 13:30:00,2015-04-22,54,399.9236641221374,1.0,0.0,0,1,0,0,0,0.0,0
refit_5,refit,2015-04-22 13:45:00,2015-04-22,55,375.0378787878788,1.0,0.0,0,1,0,0,0,0.0,0
refit_5,refit,2015-04-22 14:00:00,2015-04-22,56,388.7404580152672,1.0,0.0,0,1,0,0,0,0.0,0
refit_5,refit,2015-04-22 14:15:00,2015-04-22,57,381.9083969465649,1.0,0.0,0,1,0,0,0,0.0,0
refit_5,refit,2015-04-22 14:30:00,2015-04-22,58,384.9166666666667,1.0,0.0,0,1,0,0,0,0.0,0
refit_5,refit,2015-04-22 14:45:00,2015-04-22,59,393.24242424242425,1.0,0.0,0,1,0,0,0,0.0,0
refit_5,refit,2015-04-22 15:00:00,2015-04-22,60,442.3712121212121,1.0,0.0,0,1,0,0,0,0.0,0
refit_5,refit,2015-04-22 15:15:00,2015-04-22,61,475.4621212121212,1.0,0.0,0,1,0,0,0,0.0,0
refit_5,refit,2015-04-22 15:30:00,2015-04-22,62,491.1136363636364,1.0,0.0,0,1,0,0,0,0.0,0
refit_5,refit,2015-04-22 15:45:00,2015-04-22,63,582.9615384615385,1.0,0.0,0,1,0,0,0,0.0,0
refit_5,refit,2015-04-22 16:00:00,2015-04-22,64,851.8188976377953,2.0,3.0,0,1,0,0,0,0.0,0
refit_5,refit,2015-04-22 16:15:00,2015-04-22,65,567.8015267175573,1.0,0.0,0,1,0,0,0,0.0,0
refit_5,refit,2015-04-22 16:30:00,2015-04-22,66,528.4461538461538,1.0,0.0,0,1,0,0,0,0.0,0
refit_5,refit,2015-04-22 16:45:00,2015-04-22,67,561.5615384615385,2.0,0.0,0,1,0,0,0,0.0,0
refit_5,refit,2015-04-22 17:00:00,2015-04-22,68,570.4538461538461,2.0,0.0,0,1,0,0,0,0.0,0
refit_5,refit,2015-04-22 17:15:00,2015-04-22,69,846.4140625,3.0,1.0,0,1,0,0,0,0.0,0
refit_5,refit,2015-04-22 17:30:00,2015-04-22,70,1471.8484848484848,2.0,0.0,0,1,0,0,0,0.0,0
refit_5,refit,2015-04-22 17:45:00,2015-04-22,71,783.6615384615385,4.0,1.0,0,1,0,0,0,0.0,0
refit_5,refit,2015-04-22 18:00:00,2015-04-22,72,500.7,2.0,0.0,0,1,0,0,0,0.0,0
refit_5,refit,2015-04-22 18:15:00,2015-04-22,73,560.2615384615384,2.0,0.0,0,1,0,0,0,0.0,0
refit_5,refit,2015-04-22 18:30:00,2015-04-22,74,565.0909090909091,2.0,0.0,0,1,0,0,0,0.0,0
refit_5,refit,2015-04-22 18:45:00,2015-04-22,75,460.92913385826773,1.0,0.0,0,1,0,0,0,0.0,0
refit_5,refit,2015-04-22 19:00:00,2015-04-22,76,1039.2692307692307,3.0,1.0,0,1,0,0,0,0.0,0
refit_5,refit,2015-04-22 19:15:00,2015-04-22,77,1578.9302325581396,2.0,0.0,0,1,0,0,0,0.0,0
refit_5,refit,2015-04-22 19:30:00,2015-04-22,78,1599.2868217054263,2.0,0.0,0,1,0,0,0,0.0,0
refit_5,refit,2015-04-22 19:45:00,2015-04-22,79,1705.8560606060605,2.0,1.0,0,1,0,0,0,0.0,0
refit_5,refit,2015-04-22 20:00:00,2015-04-22,80,1988.9621212121212,2.0,0.0,0,1,0,0,0,0.0,0
refit_5,refit,2015-04-22 20:15:00,2015-04-22,81,1659.3307692307692,2.0,0.0,0,1,0,0,0,0.0,0
refit_5,refit,2015-04-22 20:30:00,2015-04-22,82,1287.296875,2.0,0.0,0,1,0,0,0,0.0,0
refit_5,refit,2015-04-22 20:45:00,2015-04-22,83,579.9022556390977,2.0,0.0,0,1,0,0,0,0.0,0
refit_5,refit,2015-04-22 21:00:00,2015-04-22,84,577.0763358778626,2.0,0.0,0,1,0,0,0,0.0,0
refit_5,refit,2015-04-22 21:15:00,2015-04-22,85,523.5503875968992,2.0,0.0,0,1,0,0,0,0.0,0
refit_5,refit,2015-04-22 21:30:00,2015-04-22,86,499.4651162790698,1.0,0.0,0,1,0,0,0,0.0,0
refit_5,refit,2015-04-22 21:45:00,2015-04-22,87,518.5658914728682,1.0,0.0,0,1,0,0,0,0.0,0
refit_5,refit,2015-04-22 22:00:00,2015-04-22,88,490.3181818181818,1.0,0.0,0,1,0,0,0,0.0,0
refit_5,refit,2015-04-22 22:15:00,2015-04-22,89,429.3692307692308,0.0,0.0,0,1,0,0,0,0.0,0
refit_5,refit,2015-04-22 22:30:00,2015-04-22,90,466.8702290076336,1.0,0.0,0,1,0,0,0,0.0,0
refit_5,refit,2015-04-22 22:45:00,2015-04-22,91,417.6434108527132,1.0,0.0,0,1,0,0,0,0.0,0
refit_5,refit,2015-04-22 23:00:00,2015-04-22,92,435.3255813953488,1.0,0.0,0,1,0,0,0,0.0,0
refit_5,refit,2015-04-22 23:15:00,2015-04-22,93,398.2406015037594,1.0,0.0,0,1,0,0,0,0.0,0
refit_5,refit,2015-04-22 23:30:00,2015-04-22,94,412.0769230769231,1.0,0.0,0,1,0,0,0,0.0,0
refit_5,refit,2015-04-22 23:45:00,2015-04-22,95,384.6692307692307,1.0,0.0,0,1,0,0,0,0.0,0
refit_5,refit,2015-04-23 00:00:00,2015-04-23,0,400.60769230769233,1.0,0.0,0,1,0,0,0,0.0,0
refit_5,refit,2015-04-23 00:15:00,2015-04-23,1,370.57251908396944,1.0,0.0,0,1,0,0,0,0.0,0
refit_5,refit,2015-04-23 00:30:00,2015-04-23,2,395.4230769230769,1.0,0.0,0,1,0,0,0,0.0,0
refit_5,refit,2015-04-23 00:45:00,2015-04-23,3,385.4384615384615,1.0,0.0,0,1,0,0,0,0.0,0
refit_5,refit,2015-04-23 01:00:00,2015-04-23,4,380.4806201550387,1.0,0.0,0,1,0,0,0,0.0,0
refit_5,refit,2015-04-23 01:15:00,2015-04-23,5,374.90076335877865,1.0,0.0,0,1,0,0,0,0.0,0
refit_5,refit,2015-04-23 01:30:00,2015-04-23,6,387.3282442748091,1.0,0.0,0,1,0,0,0,0.0,0
refit_5,refit,2015-04-23 01:45:00,2015-04-23,7,392.0692307692308,1.0,0.0,0,1,0,0,0,0.0,0
refit_5,refit,2015-04-23 02:00:00,2015-04-23,8,392.8076923076923,2.0,0.0,0,1,0,0,0,0.0,0
refit_5,refit,2015-04-23 02:15:00,2015-04-23,9,399.9642857142857,2.0,0.0,0,1,0,0,0,0.0,0
refit_5,refit,2015-04-23 02:30:00,2015-04-23,10,374.31297709923666,1.0,0.0,0,1,0,0,0,0.0,0
refit_5,refit,2015-04-23 02:45:00,2015-04-23,11,393.5530303030303,2.0,0.0,0,1,0,0,0,0.0,0
refit_5,refit,2015-04-23 03:00:00,2015-04-23,12,364.5193798449613,2.0,0.0,0,1,0,0,0,0.0,0
refit_5,refit,2015-04-23 03:15:00,2015-04-23,13,386.7099236641222,2.0,0.0,0,1,0,0,0,0.0,0
refit_5,refit,2015-04-23 03:30:00,2015-04-23,14,361.1615384615384,1.0,0.0,0,1,0,0,0,0.0,0
refit_5,refit,2015-04-23 03:45:00,2015-04-23,15,365.6,1.0,0.0,0,1,0,0,0,0.0,0
refit_5,refit,2015-04-23 04:00:00,2015-04-23,16,351.10687022900765,1.0,0.0,0,1,0,0,0,0.0,0
refit_5,refit,2015-04-23 04:15:00,2015-04-23,17,356.18939393939394,1.0,0.0,0,1,0,0,0,0.0,0
refit_5,refit,2015-04-23 04:30:00,2015-04-23,18,371.7596899224806,1.0,0.0,0,1,0,0,0,0.0,0
refit_5,refit,2015-04-23 04:45:00,2015-04-23,19,351.5,0.0,0.0,0,1,0,0,0,0.0,0
refit_5,refit,2015-04-23 05:00:00,2015-04-23,20,457.3671875,1.0,0.0,0,1,0,0,0,0.0,0
refit_5,refit,2015-04-23 05:15:00,2015-04-23,21,482.2923076923077,0.0,0.0,0,1,0,0,0,0.0,0
refit_5,refit,2015-04-23 05:30:00,2015-04-23,22,493.3636363636364,1.0,0.0,0,1,0,0,0,0.0,0
refit_5,refit,2015-04-23 05:45:00,2015-04-23,23,951.0472440944882,1.0,1.0,0,1,0,0,0,0.0,0
refit_5,refit,2015-04-23 06:00:00,2015-04-23,24,880.2558139534884,1.0,0.0,0,1,0,0,0,0.0,0
refit_5,refit,2015-04-23 06:15:00,2015-04-23,25,2079.265625,3.0,2.0,0,1,0,0,0,0.0,0
refit_5,refit,2015-04-23 06:30:00,2015-04-23,26,1290.421875,1.0,0.0,0,1,0,0,0,0.0,0
refit_5,refit,2015-04-23 06:45:00,2015-04-23,27,676.6171875,1.0,0.0,0,1,0,0,0,0.0,0
refit_5,refit,2015-04-23 07:00:00,2015-04-23,28,614.2403100775193,0.0,0.0,0,1,0,0,0,0.0,0
refit_5,refit,2015-04-23 07:15:00,2015-04-23,29,647.4503816793894,1.0,0.0,0,1,0,0,0,0.0,0
refit_5,refit,2015-04-23 07:30:00,2015-04-23,30,492.86046511627904,1.0,0.0,0,1,0,0,0,0.0,0
refit_5,refit,2015-04-23 07:45:00,2015-04-23,31,463.7480916030534,1.0,0.0,0,1,0,0,0,0.0,0
refit_5,refit,2015-04-23 08:00:00,2015-04-23,32,835.8030303030303,2.0,2.0,0,1,0,0,0,0.0,0
refit_5,refit,2015-04-23 08:15:00,2015-04-23,33,563.9147286821706,3.0,0.0,0,1,0,0,0,0.0,0
refit_5,refit,2015-04-23 08:30:00,2015-04-23,34,420.4728682170542,1.0,0.0,0,1,0,0,0,0.0,0
refit_5,refit,2015-04-23 08:45:00,2015-04-23,35,414.4661654135338,1.0,0.0,0,1,0,0,0,0.0,0
refit_5,refit,2015-04-23 09:00:00,2015-04-23,36,359.0076923076923,1.0,0.0,0,1,0,0,0,0.0,0
refit_5,refit,2015-04-23 09:15:00,2015-04-23,37,393.64885496183206,1.0,0.0,0,1,0,0,0,0.0,0
refit_5,refit,2015-04-23 09:30:00,2015-04-23,38,375.05426356589146,0.0,0.0,0,1,0,0,0,0.0,0
refit_5,refit,2015-04-23 09:45:00,2015-04-23,39,399.7557251908397,1.0,0.0,0,1,0,0,0,0.0,0
refit_5,refit,2015-04-23 10:00:00,2015-04-23,40,364.84090909090907,0.0,0.0,0,1,0,0,0,0.0,0
refit_5,refit,2015-04-23 10:15:00,2015-04-23,41,408.7,1.0,0.0,0,1,0,0,0,0.0,0
refit_5,refit,2015-04-23 10:30:00,2015-04-23,42,367.824427480916,0.0,0.0,0,1,0,0,0,0.0,0
refit_5,refit,2015-04-23 10:45:00,2015-04-23,43,404.8702290076336,1.0,0.0,0,1,0,0,0,0.0,0
refit_5,refit,2015-04-23 11:00:00,2015-04-23,44,378.7709923664122,1.0,0.0,0,1,0,0,0,0.0,0
refit_5,refit,2015-04-23 11:15:00,2015-04-23,45,403.8110236220472,1.0,0.0,0,1,0,0,0,0.0,0
refit_5,refit,2015-04-23 11:30:00,2015-04-23,46,384.4846153846154,1.0,0.0,0,1,0,0,0,0.0,0
refit_5,refit,2015-04-23 11:45:00,2015-04-23,47,394.3030303030303,1.0,0.0,0,1,0,0,0,0.0,0
refit_5,refit,2015-04-23 12:00:00,2015-04-23,48,389.4846153846154,1.0,0.0,0,1,0,0,0,0.0,0
refit_5,refit,2015-04-23 12:15:00,2015-04-23,49,401.6,1.0,0.0,0,1,0,0,0,0.0,0
refit_5,refit,2015-04-23 12:30:00,2015-04-23,50,394.5736434108527,1.0,0.0,0,1,0,0,0,0.0,0
refit_5,refit,2015-04-23 12:45:00,2015-04-23,51,385.48854961832063,1.0,0.0,0,1,0,0,0,0.0,0
refit_5,refit,2015-04-23 13:00:00,2015-04-23,52,391.8217054263566,1.0,0.0,0,1,0,0,0,0.0,0
refit_5,refit,2015-04-23 13:15:00,2015-04-23,53,373.2748091603053,1.0,0.0,0,1,0,0,0,0.0,0
refit_5,refit,2015-04-23 13:30:00,2015-04-23,54,403.3206106870229,1.0,0.0,0,1,0,0,0,0.0,0
refit_5,refit,2015-04-23 13:45:00,2015-04-23,55,381.618320610687,1.0,0.0,0,1,0,0,0,0.0,0
refit_5,refit,2015-04-23 14:00:00,2015-04-23,56,402.1145038167939,1.0,0.0,0,1,0,0,0,0.0,0
refit_5,refit,2015-04-23 14:15:00,2015-04-23,57,383.3333333333333,1.0,0.0,0,1,0,0,0,0.0,0
refit_5,refit,2015-04-23 14:30:00,2015-04-23,58,407.9923076923077,1.0,0.0,0,1,0,0,0,0.0,0
refit_5,refit,2015-04-23 14:45:00,2015-04-23,59,378.4384615384615,0.0,0.0,0,1,0,0,0,0.0,0
refit_5,refit,2015-04-23 15:00:00,2015-04-23,60,412.280303030303,1.0,0.0,0,1,0,0,0,0.0,0
refit_5,refit,2015-04-23 15:15:00,2015-04-23,61,390.1363636363636,0.0,0.0,0,1,0,0,0,0.0,0
refit_5,refit,2015-04-23 15:30:00,2015-04-23,62,479.11538461538464,1.0,0.0,0,1,0,0,0,0.0,0
refit_5,refit,2015-04-23 15:45:00,2015-04-23,63,565.9069767441861,1.0,0.0,0,1,0,0,0,0.0,0
refit_5,refit,2015-04-23 16:00:00,2015-04-23,64,573.3458646616541,1.0,0.0,0,1,0,0,0,0.0,0
refit_5,refit,2015-04-23 16:15:00,2015-04-23,65,525.3178294573644,1.0,0.0,0,1,0,0,0,0.0,0
refit_5,refit,2015-04-23 16:30:00,2015-04-23,66,522.640625,1.0,0.0,0,1,0,0,0,0.0,0
refit_5,refit,2015-04-23 16:45:00,2015-04-23,67,499.390625,1.0,0.0,0,1,0,0,0,0.0,0
refit_5,refit,2015-04-23 17:00:00,2015-04-23,68,515.7878787878788,1.0,0.0,0,1,0,0,0,0.0,0
refit_5,refit,2015-04-23 17:15:00,2015-04-23,69,629.430894308943,1.0,1.0,0,1,0,0,0,0.0,0
refit_5,refit,2015-04-23 17:30:00,2015-04-23,70,678.0152671755725,1.0,1.0,0,1,0,0,0,0.0,0
refit_5,refit,2015-04-23 17:45:00,2015-04-23,71,575.9923076923077,1.0,0.0,0,1,0,0,0,0.0,0
refit_5,refit,2015-04-23 18:00:00,2015-04-23,72,511.288,1.0,0.0,0,1,0,0,0,0.0,0
refit_5,refit,2015-04-23 18:15:00,2015-04-23,73,1721.3968253968253,3.0,1.0,0,1,0,0,0,0.0,0
refit_5,refit,2015-04-23 18:30:00,2015-04-23,74,1771.544,3.0,0.0,0,1,0,0,0,0.0,0
refit_5,refit,2015-04-23 18:45:00,2015-04-23,75,675.3664122137404,2.0,0.0,0,1,0,0,0,0.0,0
refit_5,refit,2015-04-23 19:00:00,2015-04-23,76,995.951612903226,3.0,1.0,0,1,0,0,0,0.0,0
refit_5,refit,2015-04-23 19:15:00,2015-04-23,77,711.6935483870968,2.0,0.0,0,1,0,0,0,0.0,0
refit_5,refit,2015-04-23 19:30:00,2015-04-23,78,693.9921875,2.0,0.0,0,1,0,0,0,0.0,0
refit_5,refit,2015-04-23 19:45:00,2015-04-23,79,1598.5234375,2.0,0.0,0,1,0,0,0,0.0,0
refit_5,refit,2015-04-23 20:00:00,2015-04-23,80,1648.030534351145,2.0,0.0,0,1,0,0,0,0.0,0
refit_5,refit,2015-04-23 20:15:00,2015-04-23,81,810.4108527131783,2.0,0.0,0,1,0,0,0,0.0,0
refit_5,refit,2015-04-23 20:30:00,2015-04-23,82,615.59375,1.0,0.0,0,1,0,0,0,0.0,0
refit_5,refit,2015-04-23 20:45:00,2015-04-23,83,676.623076923077,2.0,0.0,0,1,0,0,0,0.0,0
refit_5,refit,2015-04-23 21:00:00,2015-04-23,84,667.672131147541,2.0,0.0,0,1,0,0,0,0.0,0
refit_5,refit,2015-04-23 21:15:00,2015-04-23,85,663.1085271317829,2.0,0.0,0,1,0,0,0,0.0,0
refit_5,refit,2015-04-23 21:30:00,2015-04-23,86,604.3125,2.0,0.0,0,1,0,0,0,0.0,0
refit_5,refit,2015-04-23 21:45:00,2015-04-23,87,581.4496124031008,2.0,0.0,0,1,0,0,0,0.0,0
refit_5,refit,2015-04-23 22:00:00,2015-04-23,88,493.3255813953488,2.0,0.0,0,1,0,0,0,0.0,0
refit_5,refit,2015-04-23 22:15:00,2015-04-23,89,420.17054263565893,2.0,0.0,0,1,0,0,0,0.0,0
refit_5,refit,2015-04-23 22:30:00,2015-04-23,90,408.1484375,1.0,0.0,0,1,0,0,0,0.0,0
refit_5,refit,2015-04-23 22:45:00,2015-04-23,91,394.4,1.0,0.0,0,1,0,0,0,0.0,0
refit_5,refit,2015-04-23 23:00:00,2015-04-23,92,371.08527131782944,1.0,0.0,0,1,0,0,0,0.0,0
refit_5,refit,2015-04-23 23:15:00,2015-04-23,93,379.2878787878788,1.0,0.0,0,1,0,0,0,0.0,0
refit_5,refit,2015-04-23 23:30:00,2015-04-23,94,397.17054263565893,1.0,0.0,0,1,0,0,0,0.0,0
refit_5,refit,2015-04-23 23:45:00,2015-04-23,95,367.68461538461537,0.0,0.0,0,1,0,0,0,0.0,0
refit_5,refit,2015-04-24 00:00:00,2015-04-24,0,378.5038167938931,1.0,0.0,0,1,0,0,0,0.0,0
refit_5,refit,2015-04-24 00:15:00,2015-04-24,1,373.1,1.0,0.0,0,1,0,0,0,0.0,0
refit_5,refit,2015-04-24 00:30:00,2015-04-24,2,401.4692307692307,1.0,0.0,0,1,0,0,0,0.0,0
refit_5,refit,2015-04-24 00:45:00,2015-04-24,3,367.219696969697,0.0,0.0,0,1,0,0,0,0.0,0
refit_5,refit,2015-04-24 01:00:00,2015-04-24,4,380.4692307692307,1.0,0.0,0,1,0,0,0,0.0,0
refit_5,refit,2015-04-24 01:15:00,2015-04-24,5,381.1615384615384,1.0,0.0,0,1,0,0,0,0.0,0
refit_5,refit,2015-04-24 01:30:00,2015-04-24,6,378.2366412213741,1.0,0.0,0,1,0,0,0,0.0,0
refit_5,refit,2015-04-24 01:45:00,2015-04-24,7,381.44274809160305,1.0,0.0,0,1,0,0,0,0.0,0
refit_5,refit,2015-04-24 02:00:00,2015-04-24,8,369.5267175572519,1.0,0.0,0,1,0,0,0,0.0,0
refit_5,refit,2015-04-24 02:15:00,2015-04-24,9,389.80916030534354,2.0,0.0,0,1,0,0,0,0.0,0
refit_5,refit,2015-04-24 02:30:00,2015-04-24,10,390.4375,2.0,0.0,0,1,0,0,0,0.0,0
refit_5,refit,2015-04-24 02:45:00,2015-04-24,11,419.3478260869565,2.0,0.0,0,1,0,0,0,0.0,0
refit_5,refit,2015-04-24 03:00:00,2015-04-24,12,404.6287878787879,2.0,0.0,0,1,0,0,0,0.0,0
refit_5,refit,2015-04-24 03:15:00,2015-04-24,13,423.824427480916,2.0,0.0,0,1,0,0,0,0.0,0
refit_5,refit,2015-04-24 03:30:00,2015-04-24,14,402.82945736434107,1.0,0.0,0,1,0,0,0,0.0,0
refit_5,refit,2015-04-24 03:45:00,2015-04-24,15,398.3664122137404,2.0,0.0,0,1,0,0,0,0.0,0
refit_5,refit,2015-04-24 04:00:00,2015-04-24,16,410.3428571428571,1.0,0.0,0,1,0,0,0,0.0,0
refit_5,refit,2015-04-24 04:15:00,2015-04-24,17,374.65486725663715,1.0,0.0,0,1,0,0,0,0.0,0
refit_5,refit,2015-04-24 04:30:00,2015-04-24,18,382.1162790697674,1.0,0.0,0,1,0,0,0,0.0,0
refit_5,refit,2015-04-24 04:45:00,2015-04-24,19,524.2870370370371,2.0,1.0,0,1,0,0,0,0.0,0
refit_5,refit,2015-04-24 05:00:00,2015-04-24,20,444.3307692307693,1.0,0.0,0,1,0,0,0,0.0,0
refit_5,refit,2015-04-24 05:15:00,2015-04-24,21,506.2442748091603,1.0,0.0,0,1,0,0,0,0.0,0
refit_5,refit,2015-04-24 05:30:00,2015-04-24,22,489.9076923076923,1.0,0.0,0,1,0,0,0,0.0,0
refit_5,refit,2015-04-24 05:45:00,2015-04-24,23,463.5230769230769,1.0,0.0,0,1,0,0,0,0.0,0
refit_5,refit,2015-04-24 06:00:00,2015-04-24,24,499.00763358778624,1.0,0.0,0,1,0,0,0,0.0,0
refit_5,refit,2015-04-24 06:15:00,2015-04-24,25,462.4923076923077,0.0,0.0,0,1,0,0,0,0.0,0
refit_5,refit,2015-04-24 06:30:00,2015-04-24,26,881.3853211009174,3.0,3.0,0,1,0,0,0,0.0,0
refit_5,refit,2015-04-24 06:45:00,2015-04-24,27,557.2595419847328,1.0,0.0,0,1,0,0,0,0.0,0
refit_5,refit,2015-04-24 07:00:00,2015-04-24,28,489.5511811023622,1.0,0.0,0,1,0,0,0,0.0,0
refit_5,refit,2015-04-24 07:15:00,2015-04-24,29,481.8173076923077,2.0,1.0,0,1,0,0,0,0.0,0
refit_5,refit,2015-04-24 07:30:00,2015-04-24,30,485.3174603174603,1.0,0.0,0,1,0,0,0,0.0,0
refit_5,refit,2015-04-24 07:45:00,2015-04-24,31,449.416,1.0,0.0,0,1,0,0,0,0.0,0
refit_5,refit,2015-04-24 08:00:00,2015-04-24,32,456.0387596899225,1.0,0.0,0,1,0,0,0,0.0,0
refit_5,refit,2015-04-24 08:15:00,2015-04-24,33,435.76153846153846,1.0,0.0,0,1,0,0,0,0.0,0
refit_5,refit,2015-04-24 08:30:00,2015-04-24,34,450.75,1.0,0.0,0,1,0,0,0,0.0,0
refit_5,refit,2015-04-24 08:45:00,2015-04-24,35,439.2558139534884,1.0,0.0,0,1,0,0,0,0.0,0
refit_5,refit,2015-04-24 09:00:00,2015-04-24,36,511.4318181818182,2.0,0.0,0,1,0,0,0,0.0,0
refit_5,refit,2015-04-24 09:15:00,2015-04-24,37,1748.2558139534883,4.0,3.0,0,1,0,0,0,0.0,0
refit_5,refit,2015-04-24 09:30:00,2015-04-24,38,534.6302521008404,1.0,0.0,0,1,0,0,0,0.0,0
refit_5,refit,2015-04-24 09:45:00,2015-04-24,39,611.3076923076923,2.0,0.0,0,1,0,0,0,0.0,0
refit_5,refit,2015-04-24 10:00:00,2015-04-24,40,582.3740458015267,2.0,0.0,0,1,0,0,0,0.0,0
refit_5,refit,2015-04-24 10:15:00,2015-04-24,41,1155.953125,4.0,2.0,0,1,0,0,0,0.0,0
refit_5,refit,2015-04-24 10:30:00,2015-04-24,42,740.6201550387597,1.0,1.0,0,1,0,0,0,0.0,0
refit_5,refit,2015-04-24 10:45:00,2015-04-24,43,598.25,2.0,0.0,0,1,0,0,0,0.0,0
refit_5,refit,2015-04-24 11:00:00,2015-04-24,44,846.1287878787879,2.0,0.0,0,1,0,0,0,0.0,0
refit_5,refit,2015-04-24 11:15:00,2015-04-24,45,1963.904,4.0,2.0,0,1,0,0,0,0.0,0
refit_5,refit,2015-04-24 11:30:00,2015-04-24,46,872.9007633587786,3.0,0.0,0,1,0,0,0,0.0,0
refit_5,refit,2015-04-24 11:45:00,2015-04-24,47,1200.823076923077,3.0,0.0,0,1,0,0,0,0.0,0
refit_5,refit,2015-04-24 12:00:00,2015-04-24,48,1304.2,3.0,0.0,0,1,0,0,0,0.0,0
refit_5,refit,2015-04-24 12:15:00,2015-04-24,49,1537.4923076923078,3.0,1.0,0,1,0,0,0,0.0,0
refit_5,refit,2015-04-24 12:30:00,2015-04-24,50,1322.1384615384616,2.0,0.0,0,1,0,0,0,0.0,0
refit_5,refit,2015-04-24 12:45:00,2015-04-24,51,1185.1782945736434,2.0,0.0,0,1,0,0,0,0.0,0
refit_5,refit,2015-04-24 13:00:00,2015-04-24,52,1150.4806201550389,3.0,1.0,0,1,0,0,0,0.0,0
refit_5,refit,2015-04-24 13:15:00,2015-04-24,53,885.5307692307692,2.0,0.0,0,1,0,0,0,0.0,0
refit_5,refit,2015-04-24 13:30:00,2015-04-24,54,828.0077519379845,3.0,0.0,0,1,0,0,0,0.0,0
refit_5,refit,2015-04-24 13:45:00,2015-04-24,55,1816.3,4.0,2.0,0,1,0,0,0,0.0,0
refit_5,refit,2015-04-24 14:00:00,2015-04-24,56,828.4230769230769,3.0,0.0,0,1,0,0,0,0.0,0
refit_5,refit,2015-04-24 14:15:00,2015-04-24,57,855.3100775193799,3.0,0.0,0,1,0,0,0,0.0,0
refit_5,refit,2015-04-24 14:30:00,2015-04-24,58,839.6363636363636,3.0,0.0,0,1,0,0,0,0.0,0
refit_5,refit,2015-04-24 14:45:00,2015-04-24,59,839.828125,3.0,0.0,0,1,0,0,0,0.0,0
refit_5,refit,2015-04-24 15:00:00,2015-04-24,60,839.5307692307692,3.0,0.0,0,1,0,0,0,0.0,0
refit_5,refit,2015-04-24 15:15:00,2015-04-24,61,1711.734375,3.0,1.0,0,1,0,0,0,0.0,0
refit_5,refit,2015-04-24 15:30:00,2015-04-24,62,887.5692307692308,3.0,0.0,0,1,0,0,0,0.0,0
refit_5,refit,2015-04-24 15:45:00,2015-04-24,63,1270.0703125,4.0,1.0,0,1,0,0,0,0.0,0
refit_5,refit,2015-04-24 16:00:00,2015-04-24,64,909.1484375,3.0,0.0,0,1,0,0,0,0.0,0
refit_5,refit,2015-04-24 16:15:00,2015-04-24,65,879.7063492063492,2.0,0.0,0,1,0,0,0,0.0,0
refit_5,refit,2015-04-24 16:30:00,2015-04-24,66,850.8809523809524,2.0,0.0,0,1,0,0,0,0.0,0
refit_5,refit,2015-04-24 16:45:00,2015-04-24,67,880.3225806451613,2.0,0.0,0,1,0,0,0,0.0,0
refit_5,refit,2015-04-24 17:00:00,2015-04-24,68,808.650406504065,2.0,0.0,0,1,0,0,0,0.0,0
refit_5,refit,2015-04-24 17:15:00,2015-04-24,69,831.71875,2.0,0.0,0,1,0,0,0,0.0,0
refit_5,refit,2015-04-24 17:30:00,2015-04-24,70,790.3671875,1.0,0.0,0,1,0,0,0,0.0,0
refit_5,refit,2015-04-24 17:45:00,2015-04-24,71,952.433962264151,3.0,1.0,0,1,0,0,0,0.0,0
refit_5,refit,2015-04-24 18:00:00,2015-04-24,72,972.1916666666668,3.0,1.0,0,1,0,0,0,0.0,0
refit_5,refit,2015-04-24 18:15:00,2015-04-24,73,1169.8103448275865,3.0,1.0,0,1,0,0,0,0.0,0
refit_5,refit,2015-04-24 18:30:00,2015-04-24,74,2479.2413793103447,3.0,2.0,0,1,0,0,0,0.0,0
refit_5,refit,2015-04-24 18:45:00,2015-04-24,75,972.3461538461538,2.0,0.0,0,1,0,0,0,0.0,0
refit_5,refit,2015-04-24 19:00:00,2015-04-24,76,1150.976377952756,3.0,1.0,0,1,0,0,0,0.0,0
refit_5,refit,2015-04-24 19:15:00,2015-04-24,77,886.34375,2.0,0.0,0,1,0,0,0,0.0,0
refit_5,refit,2015-04-24 19:30:00,2015-04-24,78,895.2790697674419,3.0,0.0,0,1,0,0,0,0.0,0
refit_5,refit,2015-04-24 19:45:00,2015-04-24,79,900.9140625,2.0,0.0,0,1,0,0,0,0.0,0
refit_5,refit,2015-04-24 20:00:00,2015-04-24,80,1040.6511627906978,3.0,0.0,0,1,0,0,0,0.0,0
refit_5,refit,2015-04-24 20:15:00,2015-04-24,81,1056.8538461538462,2.0,0.0,0,1,0,0,0,0.0,0
refit_5,refit,2015-04-24 20:30:00,2015-04-24,82,1030.7441860465117,3.0,0.0,0,1,0,0,0,0.0,0
refit_5,refit,2015-04-24 20:45:00,2015-04-24,83,1206.0387596899225,4.0,1.0,0,1,0,0,0,0.0,0
refit_5,refit,2015-04-24 21:00:00,2015-04-24,84,896.6456692913385,3.0,0.0,0,1,0,0,0,0.0,0
refit_5,refit,2015-04-24 21:15:00,2015-04-24,85,965.048,4.0,0.0,0,1,0,0,0,0.0,0
refit_5,refit,2015-04-24 21:30:00,2015-04-24,86,2273.423728813559,4.0,1.0,0,1,0,0,0,0.0,0
refit_5,refit,2015-04-24 21:45:00,2015-04-24,87,2409.7118644067796,4.0,1.0,0,1,0,0,0,0.0,0
refit_5,refit,2015-04-24 22:00:00,2015-04-24,88,1189.421487603306,3.0,0.0,0,1,0,0,0,0.0,0
refit_5,refit,2015-04-24 22:15:00,2015-04-24,89,961.4471544715448,4.0,0.0,0,1,0,0,0,0.0,0
refit_5,refit,2015-04-24 22:30:00,2015-04-24,90,826.6904761904761,2.0,1.0,0,1,0,0,0,0.0,0
refit_5,refit,2015-04-24 22:45:00,2015-04-24,91,791.1649484536083,3.0,0.0,0,1,0,0,0,0.0,0
refit_5,refit,2015-04-24 23:00:00,2015-04-24,92,725.7352941176471,2.0,0.0,0,1,0,0,0,0.0,0
refit_5,refit,2015-04-24 23:15:00,2015-04-24,93,795.6481481481482,3.0,0.0,0,1,0,0,0,0.0,0
refit_5,refit,2015-04-24 23:30:00,2015-04-24,94,741.3962264150944,3.0,0.0,0,1,0,0,0,0.0,0
refit_5,refit,2015-04-24 23:45:00,2015-04-24,95,738.9565217391304,3.0,0.0,0,1,0,0,0,0.0,0
